claim_id,statement,classification,source,source_date,source_owner,geography,lane,confidence,status,validation_owner,next_action,last_reviewed
CLM-001,"Diallo has relationships with government and mining companies in Mauritania",REPORTED,"Major editorial statement",2026-09-03,"Major Dream Williams",Mauritania,Automotive,medium,open,Diallo,"Name relationships and produce evidence of access",2026-09-03
CLM-002,"Brother Ling has approached Chinese suppliers",REPORTED,"Major statement",2026-09-03,"Major Dream Williams",China,Automotive,medium,active,"Major / Brother Ling","Record supplier names and response authority",2026-09-03
CLM-003,"Mauritania requires importer registration",VERIFIED,"U.S. ITA Mauritania Customs Regulations",2026-02-10,"International Trade Administration",Mauritania,Automotive,high,active,Diallo,"Confirm applicable local entity and current procedure with customs professional",2026-09-03
CLM-004,"Special customs valuation rules may apply to used cars",VERIFIED,"U.S. ITA Mauritania Customs Regulations",2026-02-10,"International Trade Administration",Mauritania,Automotive,high,active,Diallo,"Obtain written current used-vehicle valuation procedure",2026-09-03
CLM-005,"A preorder model can reduce inventory exposure",ASSUMPTION,"Program analysis",2026-09-03,"Program team",Mauritania,Automotive,medium,testing,Diallo,"Validate customer trust, deposit, delivery, and refund requirements",2026-09-03
CLM-006,"Affluent early adopters will pay for distinctive Chinese SUVs",ASSUMPTION,"Major market hypothesis",2026-09-03,"Major Dream Williams",Mauritania,Automotive,low,testing,Diallo,"Conduct 25 buyer interviews and obtain qualified interest",2026-09-03

CLM-007,"Mauritania removed the vehicle import age limit in October 2017, replacing it with flat duty scales by horsepower for vehicles over 8 years old",VERIFIED,"Chez Vlane / Cridem, 'Les voitures importees: toutes sont desormais les bienvenues en Mauritanie'",2017-10-04,Ministry of Finance (reported),Mauritania,Automotive,medium,open,Diallo,Confirm the regime is still current in 2026 and obtain the schedule in MRU (post-2018 redenomination),2026-09-06
CLM-008,Mauritania previously limited imports to 5 years (passenger) and 8 years (other vehicles) from July 2014,VERIFIED,Financial Afrik,2014-07-18,Financial Afrik,Mauritania,Automotive,high,superseded,Diallo,Historical record only; superseded by CLM-007,2026-09-06
CLM-009,Senegal raised imported used-vehicle age limits to 10 years (cars and LCV under 3.5t) and 15 years (trucks and passenger transport) by decree,VERIFIED,"Le Soleil, decree signed by President Bassirou Diomaye Faye",2025-10-24,Government of Senegal,Senegal,Automotive,high,active,Program team,Obtain the decree text from the Journal Officiel and reconcile with the reported 6/8-year registration rule,2026-09-06
CLM-010,"Mauritania VAT is 16 percent, applied on CIF plus duty",VERIFIED,Mauritania Trade Portal; WTO TPR WT/TPR/S/371,2018-04-24,WTO / Mauritania Trade Portal,Mauritania,Automotive,high,active,Diallo,Confirm with a licensed customs broker for vehicle HS lines,2026-09-06
CLM-011,"Mauritania customs tariff has four MFN bands (0, 5, 13, 20 percent); the 20 percent band covers about 39 percent of lines, mainly final consumer goods",VERIFIED,WTO Trade Policy Review WT/TPR/S/371,2018-04-24,WTO,Mauritania,Automotive,high,active,Diallo,Confirm the band applicable to HS 8703 and 8704,2026-09-06
CLM-012,Mauritania statistical fee is reported at both 1 percent and 3 percent by different sources,CONFLICT,Mauritania Trade Portal (1%) vs Lloyds Bank Trade (3%),2026-09-06,Program team,Mauritania,Automotive,low,open,Diallo,Resolve via written customs-broker opinion before any landed-cost figure is used externally,2026-09-06
CLM-013,Mauritania minimum flat-rate tax (IMF) is reported at 2.5 percent of CIF on imports and at 2 percent in an export context,CONFLICT,Mauritania Trade Portal vs WTO TPR,2026-09-06,Program team,Mauritania,Automotive,low,open,Diallo,Resolve via written customs-broker opinion,2026-09-06
CLM-014,Mauritania values used vehicles on a minimum importation value rather than transaction value,VERIFIED,Lloyds Bank Trade; US ITA reports Argus-based minimums,2026-09-06,Lloyds Bank Trade / ITA,Mauritania,Automotive,high,active,Diallo,Obtain the current administrative minimum-value schedule,2026-09-06
CLM-015,"Senegal vehicle parts imports (HS 8708) were USD 38.6 million in 2024, up from USD 28.1 million in 2022, with China the largest source at 18 percent",VERIFIED,"Firmus Advisory, Senegal Spare Parts Market",2025-01-01,Firmus Advisory,Senegal,Automotive,medium,active,Program team,Cross-check against UN Comtrade,2026-09-06
CLM-016,"Senegal parts distribution is highly fragmented: over 2,000 active importers, no firm above 10 percent share, CFAO largest formal distributor at about 7 percent",VERIFIED,Firmus Advisory,2025-01-01,Firmus Advisory,Senegal,Automotive,medium,active,Program team,Use to size the parts entry opportunity,2026-09-06
CLM-017,About 80 percent of Senegal vehicle imports are pre-owned and about 80 percent of registered vehicles are ten years or older,VERIFIED,Firmus Advisory,2025-01-01,Firmus Advisory,Senegal,Automotive,medium,active,Program team,Supports the service-layer thesis over the new-vehicle thesis,2026-09-06
CLM-018,"Across 29 African countries, 75 percent of car purchases are used, and next-purchase intent favours hybrid (34 percent) over petrol (27 percent) and EV (12 percent)",VERIFIED,Sagaci Research survey,2025-12-01,Sagaci Research,Africa,Automotive,medium,active,Program team,Confirm whether Mauritania is in the country sample,2026-09-06
CLM-019,54 percent of African respondents would consider a Chinese brand; 17 percent would not; about 30 percent report unfamiliarity,VERIFIED,Sagaci Research survey,2025-12-01,Sagaci Research,Africa,Automotive,medium,active,Program team,Supports a demonstration-vehicle strategy over a price-led strategy,2026-09-06
CLM-020,"Jetour is already distributed in Senegal by Salvador Caetano, trading as Jetour Senegal - Caetano",VERIFIED,Jetour Senegal - Caetano company pages,2026-09-06,Salvador Caetano,Senegal,Automotive,high,active,Program team,No exclusive West Africa distributor language may be used. Approach as cross-border service and parts cooperation,2026-09-06
CLM-021,Chery acquired Nissan's South African manufacturing plant,REPORTED,AP and other wire reports,2026-08-12,Press,South Africa,Automotive,low,open,Program team,Obtain primary-source confirmation before use in any briefing,2026-09-06
CLM-022,"Moove's drive-to-own model in Nigeria and Ghana used 18-48 month terms with zero down payment and weekly remittances of about USD 14-20, and generated driver defaults, repossessions and protests",VERIFIED,"Techpoint Africa, citing Rest of World",2023-06-06,Techpoint Africa,Nigeria/Ghana,Automotive,medium,active,Program team,"Use as a design warning for the driver-to-owner ladder, not as a template",2026-09-06
CLM-023,"No public dataset exists for Mauritanian vehicle registrations by make, model, age, powertrain, geography or buyer type",OPEN,Research cycle 2026-09-06,2026-09-06,Program team,Mauritania,Automotive,high,open,Diallo,Run the Nouakchott lot census and formal registration data request,2026-09-06
CLM-024,"No count exists of workshops, technicians or parts sellers in Mauritania or Senegal",OPEN,Research cycle 2026-09-06,2026-09-06,Program team,Mauritania/Senegal,Automotive,high,open,Diallo + Senegal counterpart,Build the workshop and technician registry,2026-09-06
CLM-025,"Mauritania and Senegal are in different monetary, banking and securities zones (MRU/BCM versus XOF/BCEAO/CREPMF)",VERIFIED,Central bank and regional regulator structures,2026-09-06,Program team,Mauritania/Senegal,Automotive,high,active,Counsel,Structure entities country-first; confirm Mauritania OHADA status,2026-09-06
CLM-026,Mauritania company registration takes one to two days through the APIM one-stop shop,VERIFIED,"US International Trade Administration, Mauritania Market Opportunities",2026-09-06,ITA,Mauritania,Automotive,medium,active,Diallo,Confirm requirements for a foreign-participated entity,2026-09-06
CLM-027,Mauritania GDP growth was 4.2 percent in 2025 with 4.4 percent forecast for 2026; population 5.3 million; the ouguiya depreciated 0.13 percent against the USD in 2025,VERIFIED,World Bank Macro Poverty Outlook - Mauritania,2026-09-06,World Bank,Mauritania,Automotive,high,active,Program team,Refresh at each MPO release,2026-09-06
CLM-028,"Senegal's Land Transport Development Fund (FDTT) and Bank for Trade and Industry (BCI SN) are deploying 1,000 hybrid taxis, first 100 arriving February 2026, with a managed driver acquisition plan; no vehicle supplier is publicly named",VERIFIED,Ecofin Agency,2026-09-06,Ecofin Agency,Senegal,Automotive,medium,active,Program team,Establish who supplies and services this fleet and whether the corridor can serve it - HIGHEST PRIORITY,2026-09-06
CLM-029,"The Dakar Sustainable Urban Mobility Project is USD 100 million IDA concessional financing approved 17 June 2025, benefiting 3.8 million people, including professionalization of informal transport operators through training and fleet renewal",VERIFIED,World Bank press release,2025-06-17,World Bank,Senegal,Automotive,high,active,Program team,Alignment opportunity only. The program holds no relationship to it and must not imply one,2026-09-06
CLM-030,Mauritania's Investment Code excludes ordinary purchasing of goods for resale and banking-governed activities including equipment leasing from incentive coverage,REPORTED,"APIM, via Strategic Deep-Research Dossier",2026-09-05,APIM (reported),Mauritania,Automotive,medium,open,Counsel,Obtain the primary Investment Code text and confirm the trading and leasing exclusion,2026-09-06
CLM-031,"Jetour distribution in the region: Senegal and Cape Verde via Salvador Caetano, Ghana via Swiss Group, Nigeria via Jetour Nigeria, South Africa networks operational",REPORTED,Strategic Deep-Research Dossier,2026-09-05,Program team,West Africa,Automotive,medium,active,Brother Ling,Confirm with JETOUR International in writing,2026-09-06
CLM-032,No authorized Jetour or equivalent Chinese OEM distributor is confirmed as holding Mauritanian territorial rights,OPEN,Strategic Deep-Research Dossier,2026-09-05,Program team,Mauritania,Automotive,medium,open,Brother Ling,"Obtain written confirmation on Mauritanian rights, factory-approved configurations, and whether warranty survives this import channel",2026-09-06
CLM-033,"Across 16 West African countries planning estimates indicate ~22.1m active four-wheel vehicles, 44,000-74,000 service locations, 100,000-260,000 technicians, ~34,000 OEM-qualified, but only 3,000-16,000 ready for modern Chinese platforms",ASSUMPTION,"West Africa Automotive Workforce Opportunity Report, via Strategic Deep-Research Dossier",2026-09-05,Program team,West Africa,Automotive,low,active,Program team,"Planning estimates, not a census. Label as such in all external use",2026-09-06
CLM-034,"Mauritania's vehicle market is approximately 99 percent Japanese, primarily Toyota",REPORTED,"Local market characterization, via Strategic Deep-Research Dossier",2026-09-05,Program team,Mauritania,Automotive,low,open,Diallo,Verify through the Nouakchott lot census and registration extract before external use,2026-09-06
CLM-035,"Approximately 300,000 taxi rides occur daily in Dakar",REPORTED,Red-team transcript,2026-09-06,Program team,Senegal,Automotive,low,open,Program team,No primary source located. Check MobiliseYourCity Dakar factsheet and CETUD before external use,2026-09-06
CLM-036,Starting with new vehicles only is required for market entry; certified used is deferred until HAMAL provenance is operational and the administrative minimum-value schedule is obtained,PROPOSAL,"Reconciliation v1.1, adopting the red-team position",2026-09-06,Program team,Mauritania,Automotive,high,active,Major,Supersedes the v1.0 statement that age-limit removal strengthens the certified-used lane,2026-09-06
